{
  "id": "64eeddb7-7a2b-4150-898a-be1d1301c89c",
  "name": "fast Compound Embedded layout",
  "description": "Example of a MooD custom visualization of a graph using fast Compound Embedded (fCoSE) layout",
  "version": "0.0.1",
  "supportedVersions": "0.0",
  "moodVersion": "16.0.85",
  "entry": {
    "file": "visualization.js",
    "function": "vis.visualization"
  },
  "supportedBrowsers": "Chrome, Edge, Firefox",
  "inputs": [
  ],
  "outputs": [
    {
      "name": "hoverNode",
      "displayName": "Node",
      "type": "elements"
    }
  ],
  "actions": {
    "Node Click": {
      "description": "A node representing an element has been clicked.",
      "title": "Node"
    }
  },
  "style": {
  }
}